2014-01-01,HINDOILEXP,NHPC,HEG,DEN,PNBGILTS,SARDAEN,DISHTV,MINDTREE,INGERRAND,IOB
2014-01-02,HINDOILEXP,DEN,INGERRAND,MINDTREE,HEG,SARDAEN,NHPC,RCF,DISHTV,INSECTICID
2014-01-03,HINDOILEXP,IPCALAB,PATELENG,MHRIL,NATCOPHARM,NHPC,SRF,VENKEYS,JSWHL,HCL-INSYS
2014-01-06,HINDOILEXP,IPCALAB,HCL-INSYS,MOTILALOFS,TORNTPHARM,DWARKESH,RIIL,IFBAGRO,FIEMIND,MHRIL
2014-01-07,SARDAEN,MCDOWELL-N,AXISBANK,IFBAGRO,SOUTHBANK,BAJAJHIND,IBREALEST,MHRIL,SURYAROSNI,CGPOWER
2014-01-08,SARDAEN,GICHSGFIN,IPCALAB,DVL,GILLETTE,MAHSEAMLES,MOTILALOFS,BATAINDIA,BAJAJHIND,SUNTV
2014-01-09,FIEMIND,IPCALAB,LICHSGFIN,GSFC,INGERRAND,CYIENT,PATELENG,CENTURYPLY,MAHSEAMLES,SRF
2014-01-10,DWARKESH,GSFC,HCL-INSYS,RIIL,PATELENG,MAHSEAMLES,MOTILALOFS,SUNTECK,BAJAJHIND,DISHTV
2014-01-13,INGERRAND,IFBAGRO,SRF,JKCEMENT,RIIL,TVSMOTOR,LUPIN,DISHTV,HINDALCO,AMBUJACEM
2014-01-14,JKCEMENT,SRF,IPCALAB,RIIL,FIEMIND,CENTENKA,SUNTECK,TORNTPHARM,DISHTV,DCW
2014-01-15,JKCEMENT,INGERRAND,FIEMIND,TORNTPHARM,SUNFLAG,DISHTV,MOREPENLAB,NAVINFLUOR,IPCALAB,SUNTECK
2014-01-16,JKCEMENT,SURYAROSNI,IFBAGRO,TORNTPHARM,TCI,CENTURYPLY,DCW,APOLLOTYRE,DELTACORP,CENTENKA
2014-01-17,JKCEMENT,DCW,PIDILITIND,TORNTPHARM,SRF,SUNTECK,INOXLEISUR,NHPC,NAVINFLUOR,DISHTV
2014-01-20,VGUARD,JKCEMENT,SRF,TCI,NHPC,CENTURYPLY,HINDOILEXP,NAVINFLUOR,DISHTV,SUNTV
2014-01-21,JKCEMENT,IPCALAB,NHPC,TCI,TVSMOTOR,HINDOILEXP,DCW,HEIDELBERG,CIPLA,CENTENKA
2014-01-22,JKCEMENT,IPCALAB,NHPC,SRF,BAJAJ-AUTO,MHRIL,HINDOILEXP,NFL,BOMDYEING,TINPLATE
2014-01-23,SEPC,JKCEMENT,NHPC,TINPLATE,AMBUJACEM,TCI,JSWHL,HEIDELBERG,NFL,INGERRAND
2014-01-24,RCF,JKCEMENT,NHPC,NFL,HTMEDIA,IFBAGRO,JSWHL,ALOKINDS,VTL,TATASTLLP
2014-01-27,JKCEMENT,DELTACORP,NHPC,TVSMOTOR,TATASTLLP,VTL,NAVINFLUOR,SUNFLAG,CIPLA,MAHSEAMLES
2014-01-28,OFSS,SOBHA,KTKBANK,DELTACORP,JKCEMENT,HINDZINC,FORTIS,POWERGRID,CIPLA,MAHSEAMLES
2014-01-29,JKCEMENT,NHPC,TCI,CANBK,IFBAGRO,BAJAJFINSV,CRISIL,SUNFLAG,MAHSEAMLES,IDFC
2014-01-30,WELCORP,OFSS,JKCEMENT,IFBAGRO,TCI,NHPC,CANBK,BIRLACORPN,SUNTECK,BIOCON
2014-01-31,WELSPUNIND,WELCORP,HIL,DRREDDY,VISAKAIND,JKCEMENT,IFBAGRO,CANBK,TCI,BIRLACORPN
2014-02-03,PCBL,WELSPUNIND,JKCEMENT,IFBAGRO,CANBK,BIRLACORPN,ICICIBANK,BAJAJFINSV,TVSMOTOR,BIOCON
2014-02-04,DWARKESH,JKCEMENT,NHPC,SPIC,WELCORP,ALOKINDS,HINDOILEXP,MAHSEAMLES,HIMATSEIDE,CIPLA
2014-02-05,JKCEMENT,SOUTHBANK,ALOKINDS,BAJAJFINSV,CYIENT,CIPLA,ACC,CGPOWER,ADANIENT,SUNDARMFIN
2014-02-06,JKCEMENT,SOUTHBANK,CYIENT,CGPOWER,CANBK,FORTIS,CIPLA,MOREPENLAB,VENKEYS,TAJGVK
2014-02-07,HINDOILEXP,IFBAGRO,BIOCON,CYIENT,SOUTHBANK,TORNTPHARM,VIPIND,ZYDUSWELL,TCI,HTMEDIA
2014-02-10,NHPC,JKCEMENT,SHANTIGEAR,CESC,INGERRAND,UBL,CYIENT,ACC,TCI,MOREPENLAB
2014-02-11,JKCEMENT,MOTILALOFS,CRISIL,BAJAJFINSV,AMBUJACEM,SHANTIGEAR,TCS,TCI,INGERRAND,VIPIND
2014-02-12,JKCEMENT,HINDOILEXP,KPRMILL,BIOCON,TCI,BAJAJFINSV,BGRENERGY,VIPIND,MAHSEAMLES,LUPIN
2014-02-13,JKCEMENT,SOUTHBANK,VIPIND,BAJAJFINSV,MAHSEAMLES,SUNTECK,LUPIN,CIPLA,DISHTV,NAVINFLUOR
2014-02-14,JKCEMENT,FORTIS,MAHSEAMLES,HIMATSEIDE,HTMEDIA,CIPLA,DEN,CGPOWER,GODREJPROP,DISHTV
2014-02-17,JKCEMENT,IFBAGRO,TCS,TATASTLLP,MAHSEAMLES,DELTACORP,DEN,DISHTV,CIPLA,BIRLACORPN
2014-02-18,JKCEMENT,BIOCON,TCS,CIPLA,MOTILALOFS,MAHSEAMLES,HTMEDIA,INGERRAND,DISHTV,TRIDENT
2014-02-19,JKCEMENT,CANBK,DELTACORP,HTMEDIA,DISHTV,MAHSEAMLES,BIRLACORPN,ADANIPOWER,BIOCON,BFUTILITIE
2014-02-20,JKCEMENT,CRISIL,TVSMOTOR,FIEMIND,NHPC,IFBAGRO,DELTACORP,CIPLA,DREDGECORP,SHANTIGEAR
2014-02-21,JKCEMENT,CRISIL,IFBAGRO,HIMATSEIDE,SOTL,FIEMIND,TCS,TCI,CANBK,DREDGECORP
2014-02-24,JKCEMENT,DCW,IFBAGRO,DREDGECORP,FIEMIND,BIRLACORPN,SOTL,ADORWELD,MAHSEAMLES,PATELENG
2014-02-25,JKCEMENT,CANBK,BIRLACORPN,HIMATSEIDE,TCI,BANKBARODA,SOUTHBANK,HEG,IFBAGRO,MOREPENLAB
2014-02-26,JKCEMENT,BIRLACORPN,FIEMIND,TCI,BIOCON,DVL,BANKBARODA,SOUTHBANK,BAJAJFINSV,NATCOPHARM
2014-02-28,JKCEMENT,BIRLACORPN,HIMATSEIDE,HINDOILEXP,TCI,DCW,INGERRAND,AMBUJACEM,CGPOWER,TCS
2014-03-03,FIEMIND,JKCEMENT,ASIANPAINT,TCI,TVSMOTOR,BIRLACORPN,PNBGILTS,EIDPARRY,CGPOWER,LUPIN
2014-03-04,JKCEMENT,TCI,DCW,TVSMOTOR,BAJAJ-AUTO,FORTIS,CGPOWER,LUPIN,NAVINFLUOR,TINPLATE
2014-03-05,ASIANPAINT,FORTIS,FIEMIND,SOUTHBANK,LUPIN,BIRLACORPN,CGPOWER,NAUKRI,MOREPENLAB,DISHTV
2014-03-06,ASIANPAINT,BIRLACORPN,FIEMIND,CANBK,BAJAJ-AUTO,SOUTHBANK,GILLETTE,DVL,DISHTV,PATELENG
2014-03-07,BIRLACORPN,FIEMIND,TVSMOTOR,DISHTV,SHANTIGEAR,DVL,GILLETTE,CGPOWER,ASHOKLEY,FORTIS
2014-03-10,DVL,LICHSGFIN,BFUTILITIE,DISHTV,FORTIS,CIPLA,AUROPHARMA,TAJGVK,MAHSEAMLES,JYOTHYLAB
2014-03-11,CIPLA,MAHSEAMLES,LICHSGFIN,TAJGVK,CUMMINSIND,THERMAX,SHREECEM,TCI,MINDTREE,AKZOINDIA
2014-03-12,TCI,LUPIN,CIPLA,MAHSEAMLES,SOUTHBANK,BANCOINDIA,FORTIS,BFUTILITIE,ASHOKLEY,IDFC
2014-03-13,SOUTHBANK,FORTIS,BFUTILITIE,BANCOINDIA,3IINFOLTD,MAHSEAMLES,DISHTV,GRAPHITE,NRBBEARING,NESCO
2014-03-14,TCI,SOUTHBANK,MAHSEAMLES,HEG,FORTIS,DISHTV,BBL,BFUTILITIE,ONGC,DALMIASUG
2014-03-18,FORTIS,MINDTREE,BBL,TVSMOTOR,MAHSEAMLES,ASHAPURMIN,HONAUT,JSWENERGY,HEIDELBERG,SUNTECK
2014-03-19,MCDOWELL-N,HEG,FORTIS,CIPLA,MAHSEAMLES,TVSMOTOR,KPRMILL,HLVLTD,IGL,DABUR
2014-03-20,TCI,KPRMILL,CUMMINSIND,CIPLA,SHANTIGEAR,BANCOINDIA,ALOKINDS,IGL,DALMIASUG,GODREJPROP
2014-03-21,BAJAJ-AUTO,FORTIS,KPRMILL,SHANTIGEAR,BANCOINDIA,ALOKINDS,ONGC,SELMC,GILLETTE,SANGHVIMOV
2014-03-24,KPRMILL,FORTIS,AMBUJACEM,SRF,CUMMINSIND,TVSMOTOR,SELMC,CESC,FINPIPE,JINDALPOLY
2014-03-25,TCI,CESC,CIPLA,BFUTILITIE,AMBUJACEM,COLPAL,THERMAX,SELMC,LUPIN,BIOCON
2014-03-26,FORTIS,COLPAL,TVSMOTOR,BIOCON,CIPLA,JETAIRWAYS,DABUR,NRBBEARING,HEIDELBERG,DALMIASUG
2014-03-27,KESORAMIND,KPRMILL,CIPLA,JETAIRWAYS,SOUTHBANK,NFL,FINPIPE,BALMLAWRIE,DABUR,AUROPHARMA
2014-03-28,CESC,BALMLAWRIE,NFL,SRF,GILLETTE,CIPLA,SOUTHBANK,GODREJPROP,TV18BRDCST,FORTIS
2014-03-31,ZYDUSWELL,MINDTREE,LUPIN,TCI,SHANTIGEAR,MAHSEAMLES,NFL,JAGRAN,FORTIS,MRPL
2014-04-01,CESC,HEG,CUMMINSIND,GRINDWELL,PNBGILTS,BIOCON,MINDTREE,LUPIN,TV18BRDCST,TAJGVK
2014-04-02,SARDAEN,CESC,TCI,SEPC,TV18BRDCST,TAJGVK,PNBGILTS,KOKUYOCMLN,HEG,JSWHL
2014-04-03,CESC,HEG,ZYDUSWELL,KPRMILL,TAJGVK,RADICO,TINPLATE,DIGISPICE,TV18BRDCST,JSWHL
2014-04-04,BAJAJ-AUTO,CESC,BALMLAWRIE,THERMAX,HEG,ZYDUSWELL,LICHSGFIN,TTML,JYOTHYLAB,SOUTHBANK
2014-04-07,CESC,HEG,KOKUYOCMLN,TINPLATE,CYIENT,VGUARD,BIOCON,KESORAMIND,SOUTHBANK,HONAUT
2014-04-09,CESC,SOUTHBANK,TINPLATE,GESHIP,HIKAL,HEG,NFL,SUNFLAG,AJANTPHARM,KABRAEXTRU
2014-04-10,TINPLATE,BAJAJ-AUTO,GESHIP,CESC,CIPLA,MTNL,SOUTHBANK,NATCOPHARM,INDIACEM,NFL
2014-04-11,DEN,ASIANPAINT,GHCL,CIPLA,GESHIP,IFBAGRO,HONAUT,63MOONS,HIKAL,BLUESTARCO
2014-04-15,CIPLA,BIOCON,HINDALCO,DEN,BGRENERGY,SOUTHBANK,INDIACEM,MHRIL,APOLLOTYRE,NATCOPHARM
2014-04-16,ZYDUSWELL,GESHIP,NFL,EVEREADY,FORTIS,SHRIRAMCIT,THERMAX,PFOCUS,GMRINFRA,DREDGECORP
2014-04-17,SHANTIGEAR,MHRIL,TIDEWATER,SRF,CIPLA,CGPOWER,DVL,RAMCOCEM,SHRIRAMCIT,EVEREADY
2014-04-21,NATCOPHARM,SUZLON,MHRIL,PNBGILTS,HINDALCO,SUBROS,63MOONS,NAVINFLUOR,HONAUT,CGPOWER
2014-04-22,PNBGILTS,HEG,63MOONS,HONAUT,ZYDUSWELL,APOLLOTYRE,DVL,DREDGECORP,LICHSGFIN,INGERRAND
2014-04-23,ZYDUSWELL,NATCOPHARM,PNBGILTS,SUZLON,63MOONS,CESC,DVL,NAVINFLUOR,ADANIENT,WIPRO
2014-04-25,PIDILITIND,LICHSGFIN,63MOONS,CIPLA,BAJAJFINSV,SUBROS,DCW,GODREJCP,BAJAJELEC,ZYDUSWELL
2014-04-28,ZYDUSWELL,DVL,ITI,MOTILALOFS,HONAUT,GODREJCP,TATASTLLP,DISHTV,ADANIENT,TCS
2014-04-29,GODREJCP,DCW,INSECTICID,DISHTV,SWARAJENG,RAMCOCEM,INGERRAND,GSPL,MAHABANK,KALPATPOWR
2014-04-30,GODREJCP,RADICO,DVL,SWARAJENG,MAHABANK,BFUTILITIE,PFOCUS,ADANIENT,SCI,DISHTV
2014-05-02,EXIDEIND,DVL,IPCALAB,HINDUNILVR,SWARAJENG,DISHTV,SUZLON,KCP,TATASTLLP,SHRIRAMCIT
2014-05-05,FINCABLES,FORTIS,DVL,TATASTLLP,HUHTAMAKI,SPIC,SHRIRAMCIT,LICHSGFIN,PATELENG,BANCOINDIA
2014-05-06,RCOM,FINCABLES,MRF,SHRIRAMCIT,DISHTV,M&M,CIPLA,PATELENG,KALPATPOWR,GHCL
2014-05-07,DVL,SRF,SHREECEM,RAMCOIND,HIKAL,SUZLON,APOLLOHOSP,TECHM,LICHSGFIN,KCP
2014-05-08,SRF,SHRIRAMCIT,RAMCOIND,DVL,HIMATSEIDE,CIPLA,SHREECEM,KALPATPOWR,DEN,KCP
2014-05-09,DEN,HIKAL,M&M,SRF,CGPOWER,SUZLON,KCP,BLUESTARCO,FORTIS,CENTENKA
2014-05-12,CESC,SRF,HEIDELBERG,RAMCOIND,SUZLON,ENIL,KPRMILL,CENTENKA,BAJAJHLDNG,FORTIS
2014-05-13,BAJAJHLDNG,DVL,TATASTLLP,SRF,SUZLON,HTMEDIA,FORTIS,DEN,CESC,SHREECEM
2014-05-14,FINCABLES,LICHSGFIN,SHRIRAMCIT,JSWENERGY,TATASTLLP,DISHTV,JAICORPLTD,DIGISPICE,ECLERX,VIMTALABS
2014-05-15,CESC,DEN,KPRMILL,DISHTV,JSWENERGY,63MOONS,SHRIRAMCIT,IPCALAB,LICHSGFIN,APOLLOHOSP
2014-05-16,SHRIRAMCIT,63MOONS,GRAPHITE,APOLLOHOSP,LICHSGFIN,SUZLON,UFLEX,ABB,IGL,BAJAJHLDNG
2014-05-19,ZEEMEDIA,BANCOINDIA,LICHSGFIN,HUHTAMAKI,SPIC,BALMLAWRIE,JKLAKSHMI,IGL,CGPOWER,GTLINFRA
2014-05-20,UBL,CESC,JSWENERGY,FORTIS,NBVENTURES,GTLINFRA,NATCOPHARM,GSFC,JYOTHYLAB,SURYAROSNI
2014-05-21,FORTIS,COSMOFILMS,SUZLON,LICHSGFIN,CESC,GSFC,BIOCON,NIITLTD,HIKAL,HEIDELBERG
2014-05-22,FORTIS,HTMEDIA,GSFC,BAJAJFINSV,GRASIM,PIDILITIND,TATASTEEL,JYOTHYLAB,HONAUT,BALMLAWRIE
2014-05-23,HTMEDIA,BAJAJFINSV,HONAUT,HEG,GICHSGFIN,SURYAROSNI,TATASTEEL,FACT,TAJGVK,LUPIN
2014-05-26,FACT,ADANIENT,HIKAL,FORTIS,VGUARD,ENIL,SURYAROSNI,CESC,DIGISPICE,TECHM
2014-05-27,HAVELLS,FORTIS,CESC,FACT,TV18BRDCST,BIOCON,HONAUT,GODREJCP,JAICORPLTD,HEIDELBERG
2014-05-28,FORTIS,NATCOPHARM,TCI,HAVELLS,BAJAJ-AUTO,ADANIENT,BIOCON,HEIDELBERG,VTL,JSWHL
2014-05-29,GNFC,EICHERMOT,AMRUTANJAN,BIOCON,SHANTIGEAR,LICHSGFIN,CHOLAFIN,ADORWELD,ENIL,PATELENG
2014-05-30,PRAJIND,FORTIS,HONAUT,TINPLATE,PATELENG,KAMDHENU,TCI,HUHTAMAKI,BAJAJELEC,DLF
2014-06-02,FACT,DLF,FORTIS,SHANTIGEAR,HONAUT,HUHTAMAKI,BOMDYEING,TORNTPHARM,BOSCHLTD,KALPATPOWR
2014-06-03,FACT,APTECHT,BOSCHLTD,INOXLEISUR,TINPLATE,FORTIS,BAJAJFINSV,DLF,TATASTEEL,SELMC
2014-06-04,VINATIORGA,BAJAJHIND,SUBROS,NFL,SUPRAJIT,ELECTCAST,ADANIPORTS,TINPLATE,GNFC,TCI
2014-06-05,WOCKPHARMA,NFL,TINPLATE,BAJAJHIND,ELECTCAST,GNFC,AUROPHARMA,FORTIS,TCI,TATACOMM
2014-06-06,TECHM,TCI,BLUESTARCO,NFL,SUBROS,JSWHL,BALMLAWRIE,APOLLOHOSP,HONAUT,GNFC
2014-06-09,JSWHL,NFL,HEG,TCI,VTL,VOLTAMP,HIKAL,AUROPHARMA,HONDAPOWER,FIEMIND
2014-06-10,GRINDWELL,VTL,JSWHL,BLUESTARCO,IPCALAB,NRBBEARING,EIDPARRY,INOXLEISUR,TCI,TTML
2014-06-11,BAJAJ-AUTO,HONAUT,HIKAL,SELMC,LICHSGFIN,CHOLAFIN,MAHSEAMLES,RIIL,HIMATSEIDE,INDORAMA
2014-06-12,HONAUT,VTL,HIKAL,AMARAJABAT,MAHSEAMLES,ZFCVINDIA,HSCL,LICHSGFIN,DELTACORP,DIGISPICE
2014-06-13,HIKAL,TCI,INOXLEISUR,LUPIN,HEIDELBERG,DELTACORP,63MOONS,RELINFRA,RCOM,IPCALAB
2014-06-16,APTECHT,OIL,GUJALKALI,DIGISPICE,NLCINDIA,LICHSGFIN,HIKAL,SELMC,NATIONALUM,INDORAMA
2014-06-17,APTECHT,CENTRALBK,DIGISPICE,INDORAMA,SHREECEM,NLCINDIA,VTL,ZFCVINDIA,IDFC,TATACOMM
2014-06-18,CENTRALBK,BALMLAWRIE,VTL,TATACOMM,IPCALAB,RIIL,KPRMILL,HEIDELBERG,AARTIIND,DEN
2014-06-19,GABRIEL,NAHARSPING,TATACOMM,BALMLAWRIE,SHREECEM,RIIL,MHRIL,PNB,SCI,DIGISPICE
2014-06-20,GABRIEL,TCI,KPRMILL,RSWM,TV18BRDCST,LUPIN,DIGISPICE,SHANTIGEAR,BALKRISIND,FIEMIND
2014-06-23,GABRIEL,HONDAPOWER,TATACOMM,TV18BRDCST,DIGISPICE,FIEMIND,JINDALSTEL,LICHSGFIN,RAMCOIND,MARUTI
2014-06-24,GABRIEL,PRAJIND,ZFCVINDIA,INDORAMA,BALMLAWRIE,TCI,TATACOMM,SHREECEM,TINPLATE,TV18BRDCST
2014-06-25,GEOJITFSL,IPCALAB,TIDEWATER,GABRIEL,SHREECEM,CENTENKA,PRAJIND,SCHAEFFLER,CIPLA,SHANTIGEAR
2014-06-26,KPRMILL,IPCALAB,FIEMIND,SHREECEM,SCHAEFFLER,CIPLA,CENTENKA,TINPLATE,GHCL,PATELENG
2014-06-27,63MOONS,BALMLAWRIE,BAJAJHLDNG,TCI,NAHARSPING,SANGHVIMOV,HIMATSEIDE,GESHIP,PATELENG,ARSHIYA
2014-06-30,TTKPRESTIG,M&MFIN,ADANIPOWER,SHREECEM,GHCL,BAJAJHLDNG,SANOFI,ARSHIYA,TATACOMM,ELECON
2014-07-01,DLF,BALMLAWRIE,PNB,TV18BRDCST,CHAMBLFERT,DEN,LT,HSCL,MIRZAINT,GESHIP
2014-07-02,DLF,TINPLATE,BAJAJELEC,AMARAJABAT,VTL,LT,AUROPHARMA,REDINGTON,JSWSTEEL,RIIL
2014-07-03,ADANIPOWER,VINATIORGA,LT,VTL,TINPLATE,BAJAJELEC,POONAWALLA,TV18BRDCST,MIRZAINT,ARSHIYA
2014-07-04,TV18BRDCST,SUZLON,MIRZAINT,SHREECEM,NAVINFLUOR,BLUESTARCO,BALMLAWRIE,PATELENG,EKC,IFBAGRO
2014-07-07,ADANIPOWER,MIRZAINT,NAVINFLUOR,LICHSGFIN,TV18BRDCST,HINDALCO,M&M,SHREECEM,PATELENG,EPL
2014-07-08,CRISIL,FIEMIND,JSWSTEEL,TV18BRDCST,HINDALCO,BANCOINDIA,DELTACORP,ACE,IFBAGRO,ACC
2014-07-09,JKLAKSHMI,NXTDIGITAL,LINDEINDIA,RAIN,USHAMART,HINDALCO,TV18BRDCST,HLVLTD,REDINGTON,DELTACORP
2014-07-10,AEGISCHEM,RAIN,IDFC,HINDALCO,DIVISLAB,TATASTEEL,OIL,LINDEINDIA,CENTURYTEX,BAJAJ-AUTO
2014-07-11,BERGEPAINT,DIVISLAB,EDELWEISS,PRSMJOHNSN,TV18BRDCST,AARTIDRUGS,SOUTHBANK,TORNTPOWER,UFLEX,NATCOPHARM
2014-07-14,JAYNECOIND,ENGINERSIN,NAUKRI,ULTRACEMCO,BERGEPAINT,SKFINDIA,NATIONALUM,DIVISLAB,GFLLIMITED,BALRAMCHIN
2014-07-15,ENGINERSIN,JAYNECOIND,AMRUTANJAN,NATIONALUM,KARURVYSYA,NXTDIGITAL,INDORAMA,SCI,DIVISLAB,BEML
2014-07-16,NXTDIGITAL,RSWM,AMBUJACEM,NAVINFLUOR,EKC,LUPIN,NATCOPHARM,GREAVESCOT,INDIACEM,EMAMILTD
2014-07-17,TATACOMM,LUPIN,VTL,NATCOPHARM,INDIACEM,GREAVESCOT,SHREECEM,RAMCOIND,NAHARSPING,INGERRAND
2014-07-18,THERMAX,INFY,HGS,ALLCARGO,VIPIND,MTNL,SOUTHBANK,GHCL,AMBUJACEM,FIEMIND
2014-07-21,HGS,HSCL,UFLEX,INDIACEM,LUPIN,ALLCARGO,MOTILALOFS,RAMCOIND,INFY,FIEMIND
2014-07-22,HGS,UFLEX,PATELENG,TORNTPOWER,AARTIDRUGS,BANCOINDIA,INDIACEM,LT,MOTILALOFS,HINDALCO
2014-07-23,VTL,FIEMIND,LT,REDINGTON,SUNPHARMA,HTMEDIA,MOTILALOFS,J&KBANK,HCL-INSYS,DCW
2014-07-24,DCW,HCL-INSYS,FIEMIND,INDIANB,SOUTHBANK,KOPRAN,LUPIN,ACC,JSWSTEEL,EMAMILTD
2014-07-25,VTL,LUPIN,DELTACORP,HIMATSEIDE,TVSMOTOR,SOUTHBANK,SUPRAJIT,CANFINHOME,AARTIDRUGS,PNB
2014-07-28,IPCALAB,FIEMIND,ASAHIINDIA,ACC,INDIACEM,TVSMOTOR,J&KBANK,PFOCUS,AKZOINDIA,INDORAMA
2014-07-30,ASAHIINDIA,RSWM,IPCALAB,AARTIDRUGS,FIEMIND,EPL,SOUTHBANK,SASKEN,AKZOINDIA,ADANIENT
2014-07-31,RSWM,RELIANCE,EPL,VTL,RAMCOIND,ADANIENT,M&M,AARTIDRUGS,ACC,HIKAL
2014-08-01,TVSSRICHAK,TCS,SHREECEM,EIHOTEL,EPL,CANBK,BATAINDIA,APOLLOHOSP,INDIACEM,HINDOILEXP
2014-08-04,DLF,IRB,JSWENERGY,KOPRAN,BAJAJELEC,TVSSRICHAK,TCS,SHREECEM,TVSMOTOR,PFOCUS
2014-08-05,GMDCLTD,GAEL,GREENPLY,BALMLAWRIE,JSWENERGY,JYOTHYLAB,LUPIN,IRB,BLUESTARCO,TVSMOTOR
2014-08-06,ICICIBANK,BALMLAWRIE,SOUTHBANK,DVL,CIPLA,GREENPLY,ALLCARGO,TVSMOTOR,IRB,SHREECEM
2014-08-07,SHREECEM,TVSMOTOR,SHANTIGEAR,NESCO,IPCALAB,RAMCOIND,CIPLA,BATAINDIA,LUPIN,ICICIBANK
2014-08-08,ANANTRAJ,SHANTIGEAR,IPCALAB,FORTIS,IRB,NRBBEARING,KALPATPOWR,MHRIL,TINPLATE,NELCO
2014-08-11,HCC,GMDCLTD,SCI,SHANTIGEAR,NHPC,LUPIN,FORTIS,SEPC,GREENPLY,BAJAJELEC
2014-08-12,HCC,SUPREMEIND,YESBANK,IPCALAB,GMDCLTD,SHANTIGEAR,MHRIL,NFL,ALOKINDS,DCW
2014-08-13,SUPREMEIND,CIPLA,LUPIN,GREENPLY,IRB,INGERRAND,BOMDYEING,LICHSGFIN,MHRIL,FORTIS
2014-08-14,INDHOTEL,YESBANK,NXTDIGITAL,IIFL,TATACHEM,ECLERX,VIMTALABS,INGERRAND,ORIENTPPR,EKC
2014-08-18,YESBANK,NXTDIGITAL,VOLTAMP,HCC,FORTIS,PIDILITIND,INGERRAND,MHRIL,EKC,INDIACEM
2014-08-19,YESBANK,ECLERX,BPCL,VEDL,EKC,BASF,JSWENERGY,NHPC,FIEMIND,KALPATPOWR
2014-08-20,EKC,VEDL,GHCL,FORTIS,PNB,INFY,TVSMOTOR,SURYAROSNI,VENKEYS,NCLIND
2014-08-21,CENTURYPLY,MTNL,INFY,FORTIS,VEDL,BINDALAGRO,MOTILALOFS,FIEMIND,SURYAROSNI,PNB
2014-08-22,INFY,FORTIS,RTNPOWER,EKC,EVEREADY,FIEMIND,VTL,MHRIL,TATACONSUM,BALMLAWRIE
2014-08-25,FORTIS,GHCL,LICHSGFIN,UFLEX,TINPLATE,MHRIL,GREAVESCOT,ADORWELD,RADICO,AJANTPHARM
2014-08-26,REDINGTON,UFLEX,FORTIS,TRIDENT,ASTRAMICRO,VTL,LICHSGFIN,AJANTPHARM,BFUTILITIE,VENKEYS
2014-08-27,NCLIND,CGPOWER,VENKEYS,CIPLA,VTL,MOTILALOFS,TRIDENT,FORTIS,NHPC,KCP
2014-08-28,NCLIND,FORTIS,KOPRAN,J&KBANK,TINPLATE,LICHSGFIN,KCP,HONDAPOWER,BLKASHYAP,GHCL
2014-09-01,NCLIND,KOPRAN,GHCL,FORTIS,MHRIL,VTL,BINDALAGRO,BAJAJELEC,TINPLATE,SHRIRAMCIT
2014-09-02,NCLIND,FORTIS,PATELENG,COLPAL,AMBUJACEM,BLKASHYAP,M&M,RAMCOCEM,HINDPETRO,JETAIRWAYS
2014-09-03,NCLIND,FORTIS,DALMIASUG,PATELENG,AARTIIND,TATACOMM,HONDAPOWER,VTL,VENKEYS,BIRLACORPN
2014-09-04,NCLIND,FORTIS,ITC,GODREJCP,HONDAPOWER,SHRIRAMCIT,TATACOMM,BLKASHYAP,J&KBANK,M&MFIN
2014-09-05,SOBHA,KRBL,NCLIND,FORTIS,SHRIRAMCIT,ITC,HONDAPOWER,HINDALCO,REDINGTON,GMDCLTD
2014-09-08,NCLIND,SOBHA,FORTIS,MOTILALOFS,BAJAJFINSV,HIKAL,MARUTI,VOLTAMP,AUROPHARMA,3MINDIA
2014-09-09,HONDAPOWER,AARTIIND,REDINGTON,COLPAL,SBIN,VTL,NHPC,JETAIRWAYS,VENKEYS,BAJAJ-AUTO
2014-09-10,NCLIND,CIPLA,AARTIIND,LUPIN,VTL,SBIN,NHPC,BAJAJFINSV,VENKEYS,ADANIPORTS
2014-09-11,NCLIND,BLUESTARCO,NHPC,REDINGTON,VENKEYS,CENTENKA,KIRIINDUS,EVEREADY,TTML,INDIACEM
2014-09-12,NCLIND,GEOJITFSL,HONDAPOWER,SHRIRAMCIT,COLPAL,INDORAMA,REDINGTON,MHRIL,SELMC,KIRIINDUS
2014-09-15,NXTDIGITAL,SHRIRAMCIT,INDORAMA,NCLIND,CENTENKA,FORTIS,REDINGTON,KALPATPOWR,63MOONS,AJANTPHARM
2014-09-16,NCLIND,JSWENERGY,FORTIS,BGRENERGY,VTL,SURYAROSNI,NHPC,REDINGTON,AARTIIND,CESC
2014-09-17,NHPC,REDINGTON,JSWENERGY,SHANTIGEAR,AKZOINDIA,BAJAJELEC,SUZLON,MHRIL,EVEREADY,NXTDIGITAL
2014-09-18,SUNTV,MHRIL,HIKAL,SUNDRMFAST,AKZOINDIA,EVEREADY,SHANTIGEAR,PATELENG,CIPLA,MOTILALOFS
2014-09-19,KOKUYOCMLN,SUNDRMFAST,JSWENERGY,BAJAJ-AUTO,HIKAL,RAMCOIND,AJANTPHARM,VTL,EVEREADY,AARTIIND
2014-09-22,VTL,EVEREADY,BAJAJFINSV,NCLIND,AKZOINDIA,TRIDENT,FIEMIND,BIRLACORPN,RAMCOIND,GICHSGFIN
2014-09-23,MTNL,FORTIS,SUNDRMFAST,JSWENERGY,HEG,VTL,EVEREADY,FIEMIND,CIPLA,BIOCON
2014-09-24,ASTRAMICRO,APTECHT,FORTIS,CIPLA,FIEMIND,SUNDRMFAST,RAMCOIND,IFBAGRO,GREENPLY,GHCL
2014-09-25,APTECHT,ASTRAMICRO,TIDEWATER,FINCABLES,ADORWELD,NXTDIGITAL,FORTIS,FIEMIND,GRASIM,SHRIRAMCIT
2014-09-26,PCBL,ASTRAMICRO,APTECHT,ADORWELD,TIDEWATER,OIL,BRITANNIA,NXTDIGITAL,MTNL,FINCABLES
2014-09-29,APTECHT,ASTRAMICRO,PCBL,SONATSOFTW,ADORWELD,ZEEL,OIL,TTKPRESTIG,TVSMOTOR,EVEREADY
2014-09-30,APTECHT,ASTRAMICRO,FORTIS,BIOCON,FIEMIND,SOTL,IFBAGRO,AUROPHARMA,JSWENERGY,GREENPLY
2014-10-01,APTECHT,ASTRAMICRO,FORTIS,MHRIL,FIEMIND,JSWENERGY,SUNDRMFAST,VTL,MOTILALOFS,PCBL
2014-10-07,FORTIS,FIEMIND,SUNDRMFAST,DCW,PNB,VTL,MOTILALOFS,NCLIND,GREENPLY,TATACOMM
2014-10-08,PCBL,AEGISCHEM,SOBHA,FIEMIND,MOTILALOFS,SUNDRMFAST,VTL,NCLIND,SHANTIGEAR,GRASIM
2014-10-09,ASTRAMICRO,PCBL,TATAELXSI,ZEEL,VTL,SOBHA,EVEREADY,BIOCON,SHANTIGEAR,SUNDRMFAST
2014-10-10,ASTRAMICRO,EVEREADY,GREENPLY,DHAMPURSUG,JSWENERGY,BFUTILITIE,TATACOMM,DABUR,KOKUYOCMLN,HTMEDIA
2014-10-13,ZENSARTECH,ASTRAMICRO,KAJARIACER,GREENPLY,SUZLON,VOLTAMP,TRIDENT,DABUR,BATAINDIA,IGL
2014-10-14,KOKUYOCMLN,PATELENG,BATAINDIA,GREENPLY,PNB,SHREECEM,AARTIDRUGS,BFUTILITIE,SUZLON,KAJARIACER
2014-10-16,TRIDENT,KOKUYOCMLN,FORTIS,TVSMOTOR,BFUTILITIE,NAVINFLUOR,EPL,RAMCOIND,GREENPLY,TATACOMM
2014-10-17,KOKUYOCMLN,AUROPHARMA,NAVINFLUOR,FORTIS,BBL,DIGISPICE,AARTIIND,M&MFIN,BAJFINANCE,REDINGTON
2014-10-20,KRBL,ARSHIYA,FORTIS,AXISBANK,DABUR,RAMCOIND,KOPRAN,STLTECH,VTL,PAGEIND
2014-10-21,KRBL,AXISBANK,BBL,ZYDUSWELL,DABUR,BAJAJELEC,RAMCOIND,KOKUYOCMLN,MHRIL,NAVINFLUOR
2014-10-22,AXISBANK,PCBL,RAYMOND,BFUTILITIE,DABUR,KOPRAN,SUZLON,SHRIRAMCIT,KALPATPOWR,JSWENERGY
2014-10-23,AXISBANK,BFUTILITIE,AUROPHARMA,SUZLON,JINDALSTEL,CIPLA,EPL,DEN,PNB,LT
2014-10-27,BFUTILITIE,RAMCOIND,TRIDENT,GHCL,AUROPHARMA,FINPIPE,HINDALCO,JAICORPLTD,REDINGTON,GREENPLY
2014-10-28,BFUTILITIE,AUROPHARMA,INDORAMA,SUNDARMFIN,HEROMOTOCO,SUNDRMFAST,INGERRAND,GMRINFRA,VTL,ENIL
2014-10-29,BFUTILITIE,ARSHIYA,RAMCOCEM,VGUARD,SUNDARMFIN,MARUTI,RAMCOIND,PAGEIND,PANACEABIO,NESCO
2014-10-30,RAMCOIND,KOKUYOCMLN,ARSHIYA,BFUTILITIE,GREENPLY,JSWENERGY,RTNPOWER,63MOONS,CGPOWER,KESORAMIND
2014-10-31,EPL,VTL,KEI,VGUARD,IRB,ARSHIYA,GREENPLY,RAMCOIND,TVSMOTOR,GODREJCP
2014-11-03,KEI,EPL,BAJAJ-AUTO,SUZLON,BRIGADE,SUNDARMFIN,TATASTEEL,HINDALCO,63MOONS,ELECTCAST
2014-11-05,PHOENIXLTD,SUNDRMFAST,EPL,JAICORPLTD,RAMCOCEM,IRB,RTNPOWER,GREENPLY,SAIL,NAHARSPING
2014-11-07,EPL,INGERRAND,AUROPHARMA,CIPLA,KOKUYOCMLN,VTL,GREENPLY,63MOONS,JISLJALEQS,FORTIS
2014-11-10,ARSHIYA,TCS,JINDALSTEL,CIPLA,LT,GREENPLY,SBIN,FORTIS,EVEREADY,HUHTAMAKI
2014-11-11,RTNPOWER,HONDAPOWER,GREENPLY,HGS,PEL,VTL,SONATSOFTW,JSWENERGY,ZEEMEDIA,TINPLATE
2014-11-12,ASTRAL,VTL,JBCHEPHARM,TINPLATE,PNB,JSWENERGY,SBIN,THOMASCOOK,SUNPHARMA,CLNINDIA
2014-11-13,VTL,CENTENKA,CIPLA,SUZLON,POONAWALLA,PFOCUS,ASTRAL,SBIN,CHAMBLFERT,GREENPLY
2014-11-14,VTL,CIPLA,IGL,INGERRAND,CANBK,KOPRAN,FORTIS,DABUR,PEL,BLKASHYAP
2014-11-17,CIPLA,IGL,ASTRAL,KOPRAN,VTL,INGERRAND,MIRZAINT,PNB,CANBK,TINPLATE
2014-11-18,MTNL,RAMCOIND,IGL,TINPLATE,KOPRAN,AEGISCHEM,INGERRAND,CIPLA,IRB,CYIENT
2014-11-19,RAMCOIND,MHRIL,TINPLATE,INGERRAND,SELMC,IRB,IGL,VTL,KOPRAN,FORTIS
2014-11-20,IGL,INGERRAND,BATAINDIA,CIPLA,DABUR,REDINGTON,BALMLAWRIE,MOTILALOFS,BLUESTARCO,SELMC
2014-11-21,BLUESTARCO,INGERRAND,BAJAJHIND,REDINGTON,DWARKESH,PATELENG,AKZOINDIA,NFL,STLTECH,BALMLAWRIE
2014-11-24,BALMLAWRIE,MHRIL,LINDEINDIA,DABUR,VTL,PATELENG,TV18BRDCST,ORIENTPPR,HEIDELBERG,GESHIP
2014-11-25,LINDEINDIA,MHRIL,KOPRAN,AMARAJABAT,DABUR,SUZLON,TV18BRDCST,GESHIP,BAJAJHIND,AKZOINDIA
2014-11-26,SELMC,SUZLON,REDINGTON,GSPL,THOMASCOOK,TV18BRDCST,VOLTAMP,IGL,SHREECEM,HINDALCO
2014-11-27,AIAENG,THOMASCOOK,VTL,BAJAJELEC,AMARAJABAT,SUNPHARMA,DEN,BIRLACORPN,VOLTAMP,NATCOPHARM
2014-11-28,AIAENG,IGL,TV18BRDCST,DABUR,BAJAJELEC,VTL,NATCOPHARM,PATELENG,BALAMINES,JKCEMENT
2014-12-01,AIAENG,MHRIL,IGL,VTL,DEN,M&M,TV18BRDCST,CRISIL,KOKUYOCMLN,INDIACEM
2014-12-02,AIAENG,PCBL,SUNPHARMA,GREENPLY,RAMCOIND,FIEMIND,TORNTPHARM,KOKUYOCMLN,HINDOILEXP,INDIACEM
2014-12-03,AIAENG,PCBL,FINCABLES,FIEMIND,INGERRAND,HCL-INSYS,BLUESTARCO,RAMCOCEM,HINDOILEXP,KOPRAN
2014-12-04,MHRIL,FIEMIND,SUNPHARMA,THOMASCOOK,VOLTAMP,GREENPLY,SRF,GESHIP,3MINDIA,DIGISPICE
2014-12-05,MHRIL,INGERRAND,SRF,SUNPHARMA,DABUR,TATACOMM,CIPLA,HTMEDIA,63MOONS,KEC
2014-12-08,MHRIL,RAMCOCEM,TATACOMM,SEPC,DABUR,RAMCOIND,INDIACEM,VTL,KEC,SBIN
2014-12-09,INDIACEM,SEPC,BAJAJ-AUTO,INDORAMA,DABUR,TATAINVEST,REDINGTON,TATACOMM,CESC,ACE
2014-12-10,RAMCOIND,TATACOMM,CESC,BANKINDIA,VOLTAMP,DABUR,TTML,AARTIIND,CIPLA,JKPAPER
2014-12-11,AIAENG,TATACOMM,CESC,HONAUT,GODREJPROP,ACC,HTMEDIA,ACE,MOTHERSUMI,ICICIBANK
2014-12-12,AIAENG,CESC,SEPC,ICICIBANK,GODREJPROP,VTL,HONAUT,CIPLA,KOKUYOCMLN,CRISIL
2014-12-15,SAIL,CESC,MHRIL,CIPLA,GREENPLY,AMARAJABAT,VTL,RAMCOCEM,DALMIASUG,HUHTAMAKI
2014-12-16,EXIDEIND,MHRIL,CESC,VTL,AMARAJABAT,NATCOPHARM,SUNPHARMA,EPL,TATACOMM,BAJAJHIND
2014-12-17,EXIDEIND,KARURVYSYA,GABRIEL,JPPOWER,PCBL,NATCOPHARM,FINCABLES,MARKSANS,BAJAJHIND,GMRINFRA
2014-12-18,KARURVYSYA,IDFC,PCBL,TVTODAY,EXIDEIND,KAMDHENU,ONGC,CESC,GREENPLY,FINCABLES
2014-12-19,GREENPLY,JINDALSTEL,AMARAJABAT,SEPC,SPIC,LAXMIMACH,VTL,MOTHERSUMI,CYIENT,LT
2014-12-22,DVL,GREENPLY,NFL,RAMCOIND,VTL,BGRENERGY,CESC,LAXMIMACH,SEPC,MAHSEAMLES
2014-12-23,GREENPLY,AMARAJABAT,MHRIL,SRF,TCI,M&M,VTL,DIGISPICE,HTMEDIA,MINDTREE
2014-12-24,GODREJPROP,GREENPLY,AMARAJABAT,MHRIL,BGRENERGY,VTL,TCI,NESCO,PRAJIND,SEPC
2014-12-26,GREENPLY,HCL-INSYS,PRAJIND,INDIANB,HTMEDIA,ACE,VLSFINANCE,APOLLOTYRE,LAXMIMACH,IOC
2014-12-29,TRIVENI,GREENPLY,KALPATPOWR,INDIANB,LAXMIMACH,NILKAMAL,BHARTIARTL,RAMCOIND,M&M,TCI
2014-12-30,GREENPLY,STLTECH,APOLLOTYRE,VTL,GODREJIND,TCI,M&M,DIGISPICE,TORNTPHARM,MOREPENLAB
2014-12-31,AMARAJABAT,M&M,GREENPLY,VTL,JAYNECOIND,APOLLOTYRE,RAMCOIND,TRIVENI,SELMC,TCI
