2016-01-01,GIPCL,TATAELXSI,RIIL,BALRAMCHIN,HGS,JBCHEPHARM,GMDCLTD,BAJAJHLDNG,NDTV
2016-01-04,ASHAPURMIN,TCI,BINDALAGRO,ADORWELD,DABUR,NCLIND,NTPC,INDORAMA,ALLCARGO
2016-01-05,RALLIS,JAICORPLTD,PURVA,JMFINANCIL,KPRMILL,AARTIIND,RENUKA,THOMASCOOK,PHOENIXLTD
2016-01-06,SUNDARMFIN,KESORAMIND,IRB,GAIL,JUBLPHARMA,BRIGADE,WELCORP,VAIBHAVGBL,TIMKEN
2016-01-07,HINDPETRO,RELIANCE,JAICORPLTD,ZEEL,NLCINDIA,NAUKRI,CIPLA,INDORAMA,UNICHEMLAB
2016-01-08,AARTIIND,KCP,DREDGECORP,AIAENG,SUNDRMFAST,INDORAMA,ANDHRSUGAR,FINPIPE,SCHAEFFLER
2016-01-11,MARKSANS,RENUKA,TCS,JKTYRE,CIPLA,PHOENIXLTD,THOMASCOOK,SCHAEFFLER,PFIZER
2016-01-12,GEPIL,CGPOWER,ALEMBICLTD,VSTIND,MUKANDLTD,PFIZER,THOMASCOOK,JMFINANCIL,BAJAJHLDNG
2016-01-13,BAJAJHLDNG,PIDILITIND,ANDHRSUGAR,JAYNECOIND,THOMASCOOK,TTML,NCLIND,JINDALPOLY,CYIENT
2016-01-14,PFIZER,UFLEX,SOTL,MRF,LT,IOB,CENTRALBK,SEPC,BAJAJHLDNG
2016-01-15,MARUTI,SANGHVIMOV,NCLIND,JMFINANCIL,BAJAJHLDNG,GREENPLY,DREDGECORP,RALLIS,VOLTAMP
2016-01-18,ASAHIINDIA,AARTIIND,SANGHVIMOV,PURVA,DWARKESH,GAEL,SUNDARMFIN,SEAMECLTD,HTMEDIA
2016-01-19,ATUL,UFLEX,HINDALCO,CRISIL,AARTIDRUGS,CYIENT,CANBK,OFSS,MOTILALOFS
2016-01-20,ASTRAL,GODREJCP,ESCORTS,SPIC,AKZOINDIA,HONAUT,CUMMINSIND,BALMLAWRIE,CENTRALBK
2016-01-21,AIAENG,IFBIND,APOLLOTYRE,PFIZER,RIIL,NCLIND,JETAIRWAYS,CRISIL,ARSHIYA
2016-01-22,VSTIND,GTLINFRA,BLUESTARCO,CUMMINSIND,SEAMECLTD,IFCI,KAJARIACER,RIIL,IDBI
2016-01-25,RENUKA,LAXMIMACH,TCI,BINDALAGRO,IRB,PURVA,CENTRALBK,LAOPALA,SUNDARMFIN
2016-01-27,GRAPHITE,BAJAJHLDNG,CENTRALBK,CGPOWER,FDC,LAXMIMACH,GICHSGFIN,CRISIL,JSWHL
2016-01-28,CESC,IDBI,EVEREADY,SANOFI,NRBBEARING,CARBORUNIV,BRIGADE,GTLINFRA,GREAVESCOT
2016-01-29,RALLIS,HINDPETRO,ASAHIINDIA,FDC,MHRIL,TATAPOWER,HDFCBANK,COFORGE,IFBIND
2016-02-01,KTKBANK,BAJAJHIND,TCI,LT,SHRIRAMCIT,CGPOWER,AJANTPHARM,BRIGADE,BINDALAGRO
2016-02-02,DEN,SANGAMIND,WIPRO,JSWSTEEL,PAGEIND,CLNINDIA,HONAUT,ADSL,HTMEDIA
2016-02-03,IDFC,MANALIPETC,SEPC,JKPAPER,GLENMARK,JSWSTEEL,CGPOWER,RENUKA,HTMEDIA
2016-02-04,IFBIND,ALEMBICLTD,RIIL,INFY,HINDPETRO,CGPOWER,SELMC,GODREJIND,GHCL
2016-02-05,BAJFINANCE,BIOCON,SELMC,GEPIL,HINDPETRO,HONAUT,HDFCBANK,ITI,GTLINFRA
2016-02-08,CESC,INFY,JBCHEPHARM,GREENPLY,SCHAEFFLER,YESBANK,JINDALPOLY,NAVNETEDUL,NFL
2016-02-09,SUPRAJIT,TCS,GLOBUSSPR,ASHOKLEY,AIAENG,JAYAGROGN,RENUKA,SCHAEFFLER,LAOPALA
2016-02-10,GTLINFRA,ALEMBICLTD,JKPAPER,HINDZINC,INDIACEM,CESC,RENUKA,SHANTIGEAR,LAOPALA
2016-02-11,GODREJCP,SUNTECK,MARKSANS,TATAMOTORS,SUPRAJIT,RIIL,3MINDIA,NAHARSPING,LAOPALA
2016-02-12,M&M,NESCO,ICICIBANK,NAHARSPING,APOLLOHOSP,FACT,IFBIND,BAJAJHIND,TCI
2016-02-15,TIMKEN,CRISIL,SPIC,SHANTIGEAR,MRF,NESCO,TATASTLLP,ADANIPOWER,LAOPALA
2016-02-16,DIVISLAB,FSL,KOLTEPATIL,GUJALKALI,TAJGVK,FACT,VINATIORGA,ALEMBICLTD,INDIACEM
2016-02-17,GMRINFRA,GICHSGFIN,SUZLON,COSMOFILMS,SWARAJENG,MANALIPETC,HBLPOWER,NESCO,LAOPALA
2016-02-18,VINATIORGA,TATAPOWER,NATIONALUM,CESC,IDBI,COSMOFILMS,SUPRAJIT,CRISIL,ZENSARTECH
2016-02-19,ENGINERSIN,JPPOWER,HGS,PURVA,EIDPARRY,NLCINDIA,LAOPALA,INDIACEM,MARKSANS
2016-02-22,SAREGAMA,ZENSARTECH,COSMOFILMS,HUHTAMAKI,SUNDRMFAST,EMAMILTD,SPIC,BAJAJHLDNG,ALEMBICLTD
2016-02-23,SEAMECLTD,CRISIL,RENUKA,TTKPRESTIG,SUPRAJIT,RELINFRA,CGPOWER,PEL,ARSHIYA
2016-02-24,LAOPALA,KABRAEXTRU,GICHSGFIN,LAXMIMACH,FEDERALBNK,RENUKA,NMDC,VSTIND,CENTRALBK
2016-02-25,ORIENTPPR,ANDHRSUGAR,PIDILITIND,DEN,BANKINDIA,PRAJIND,RELIANCE,JPASSOCIAT,LAOPALA
2016-02-26,IIFL,EKC,ONGC,GEOJITFSL,KOLTEPATIL,BINDALAGRO,RENUKA,TCI,LAOPALA
2016-02-29,ALEMBICLTD,SUPREMEIND,SOBHA,VAIBHAVGBL,NMDC,JPPOWER,VSTIND,ZEEL,MAHSEAMLES
2016-03-01,AIAENG,SUNDARMFIN,EICHERMOT,IRB,JSWSTEEL,GRASIM,PEL,ALOKINDS,ARSHIYA
2016-03-02,ZEEL,TATACOFFEE,MANALIPETC,63MOONS,TAJGVK,MRPL,VSTIND,RENUKA,NILKAMAL
2016-03-03,JAYNECOIND,RENUKA,STLTECH,NATIONALUM,IGL,NLCINDIA,LINDEINDIA,CENTRALBK,SUNDARMFIN
2016-03-04,INDORAMA,GRASIM,UNICHEMLAB,NLCINDIA,LT,LAOPALA,CESC,NCLIND,ANDHRSUGAR
2016-03-08,HBLPOWER,VSTIND,PIDILITIND,BALMLAWRIE,MAHSEAMLES,BAJAJHLDNG,DAAWAT,LAXMIMACH,IGL
2016-03-09,CUB,SAREGAMA,DALMIASUG,RIIL,GICHSGFIN,DAAWAT,GTLINFRA,IOC,TCI
2016-03-10,GEOJITFSL,BALMLAWRIE,HEG,MANALIPETC,BAJFINANCE,VSTIND,AIAENG,IRB,ASHOKLEY
2016-03-11,KRBL,ICRA,JKPAPER,FINCABLES,TAJGVK,TATAINVEST,ADANIPOWER,GIPCL,DAAWAT
2016-03-14,BLUESTARCO,FDC,BAJFINANCE,NMDC,RAMCOIND,VINATIORGA,JCHAC,TAJGVK,JINDALPOLY
2016-03-15,MARKSANS,KCP,RELIANCE,RENUKA,MANGCHEFER,WIPRO,TATAMETALI,ADANIPOWER,KABRAEXTRU
2016-03-16,MAHSEAMLES,ZFCVINDIA,DAAWAT,CUB,USHAMART,PFIZER,MANALIPETC,TCI,BIOCON
2016-03-17,ALEMBICLTD,SEPC,FSL,ORIENTPPR,WIPRO,PFIZER,VOLTAMP,IIFL,INDORAMA
2016-03-18,LAOPALA,NAUKRI,ZEEL,TNPL,HINDPETRO,SUNTV,ZENSARTECH,PRSMJOHNSN,VINATIORGA
2016-03-21,PFIZER,VAIBHAVGBL,SKFINDIA,SUPRAJIT,NMDC,DAAWAT,AIAENG,HTMEDIA,NCLIND
2016-03-22,GIPCL,ASHAPURMIN,JBCHEPHARM,RENUKA,VIPIND,ENGINERSIN,TATAINVEST,CYIENT,VGUARD
2016-03-23,RAIN,GIPCL,JBCHEPHARM,FSL,LUPIN,SPIC,TTKPRESTIG,SUVEN,ALEMBICLTD
2016-03-28,GMRINFRA,NLCINDIA,FACT,SKFINDIA,CUMMINSIND,HGS,VEDL,ZENSARTECH,JPPOWER
2016-03-29,TCS,DREDGECORP,JPPOWER,BALMLAWRIE,SHRIRAMCIT,RENUKA,VEDL,NAUKRI,NIITLTD
2016-03-30,IDBI,ZENSARTECH,ZEEL,JAYNECOIND,ASTRAL,GRINDWELL,JMFINANCIL,TNPL,FSL
2016-03-31,MAHABANK,ZEEMEDIA,VINATIORGA,BALMLAWRIE,ASHOKLEY,NMDC,STLTECH,FSL,INFY
2016-04-01,BRIGADE,GLOBUSSPR,GMDCLTD,CYIENT,TCS,VAIBHAVGBL,GAEL,CGPOWER,MARKSANS
2016-04-04,JKLAKSHMI,BHARTIARTL,IGL,INDORAMA,AARTIDRUGS,SCHAEFFLER,NCLIND,AIAENG,THOMASCOOK
2016-04-05,BANKBARODA,USHAMART,FSL,SCHAEFFLER,RAMCOIND,JMFINANCIL,ITI,CGPOWER,SPIC
2016-04-06,TATAPOWER,VGUARD,FDC,INDIACEM,SUVEN,SEPC,MMFL,ICICIBANK,MARKSANS
2016-04-07,SUBEXLTD,RAYMOND,ZFCVINDIA,DCBBANK,GICHSGFIN,BALMLAWRIE,TTKPRESTIG,IDFC,HBLPOWER
2016-04-08,NMDC,KPRMILL,NCLIND,VAIBHAVGBL,GICHSGFIN,KTKBANK,IDFC,KOLTEPATIL,ANDHRSUGAR
2016-04-11,MANALIPETC,CHOLAFIN,RSWM,PURVA,NFL,TTKPRESTIG,NOCIL,RENUKA,NCLIND
2016-04-12,CUMMINSIND,ALEMBICLTD,GEPIL,MFSL,GHCL,ENGINERSIN,GREENPLY,WIPRO,MANGCHEFER
2016-04-13,WIPRO,RAYMOND,EMAMILTD,GUJALKALI,BHARATFORG,IRB,SCI,NAHARSPING,VEDL
2016-04-18,DCMSHRIRAM,RAIN,TTML,SOUTHBANK,GREAVESCOT,KOLTEPATIL,LICHSGFIN,ASHOKLEY,BIRLACORPN
2016-04-20,IDFC,TITAN,BALMLAWRIE,MFSL,GLOBUSSPR,MANALIPETC,GIPCL,WOCKPHARMA,JKPAPER
2016-04-21,JKTYRE,ZFCVINDIA,LAOPALA,NCLIND,GLOBUSSPR,MANALIPETC,NUCLEUS,THOMASCOOK,BFUTILITIE
2016-04-22,SCHAEFFLER,ZYDUSWELL,AXISBANK,COFORGE,MOTILALOFS,PIDILITIND,UCOBANK,BAJAJHLDNG,BOMDYEING
2016-04-25,BALMLAWRIE,BFUTILITIE,KTKBANK,LAOPALA,UNICHEMLAB,IOC,NCLIND,JINDALSAW,MANALIPETC
2016-04-26,TATAELXSI,YESBANK,LAOPALA,NCLIND,MANALIPETC,POWERGRID,VEDL,MARKSANS,SCHAEFFLER
2016-04-27,SHANTIGEAR,CENTRALBK,THOMASCOOK,SUNDARMFIN,PIDILITIND,FDC,ASHAPURMIN,VEDL,WSTCSTPAPR
2016-04-28,TATAINVEST,NCLIND,MARKSANS,GRAPHITE,BAJAJHIND,GRINDWELL,INDIACEM,IRB,LAOPALA
2016-04-29,FINPIPE,TVSSRICHAK,BHARATFORG,KRBL,BOMDYEING,INFY,ORIENTPPR,LAOPALA,GODREJPROP
2016-05-02,ASTRAL,NOCIL,KPRMILL,PFIZER,MAHSEAMLES,DALMIASUG,DIVISLAB,CUB,JKPAPER
2016-05-03,MPHASIS,BAJAJHLDNG,HINDZINC,JMFINANCIL,HGS,TEXINFRA,M&MFIN,HEROMOTOCO,SASKEN
2016-05-04,VAKRANGEE,JBCHEPHARM,NIITLTD,ADANIPOWER,IDFC,MARKSANS,YESBANK,BALMLAWRIE,KOTAKBANK
2016-05-05,NESCO,SOUTHBANK,JBCHEPHARM,IDBI,THOMASCOOK,HIMATSEIDE,PURVA,LAOPALA,HSCL
2016-05-06,NILKAMAL,CRISIL,NIITLTD,GEOJITFSL,NUCLEUS,VOLTAMP,ZEEL,DHANI,LAOPALA
2016-05-09,USHAMART,JINDALSAW,NIITLTD,GET&D,ATUL,GMDCLTD,RELIGARE,MANALIPETC,NESCO
2016-05-10,TEXINFRA,WIPRO,PIDILITIND,OIL,BLKASHYAP,JBCHEPHARM,HCC,NILKAMAL,NESCO
2016-05-11,ANDHRSUGAR,VGUARD,ISMTLTD,CRISIL,ALEMBICLTD,CYIENT,MARKSANS,JKTYRE,LAOPALA
2016-05-12,JAYAGROGN,SEPC,JINDALPOLY,TCI,NMDC,SUVEN,NAHARSPING,JMFINANCIL,NDTV
2016-05-13,NATIONALUM,MANALIPETC,ZENSARTECH,THOMASCOOK,FSL,KAJARIACER,VOLTAMP,USHAMART,LAOPALA
2016-05-16,KTKBANK,ORIENTPPR,OIL,JMFINANCIL,HIL,INDOCO,NAVNETEDUL,ZEEL,MFSL
2016-05-17,ZEEL,ELECTCAST,MFSL,GEPIL,BALMLAWRIE,GTLINFRA,IRB,LAOPALA,BAJAJHIND
2016-05-18,FDC,PRAJIND,IRB,THOMASCOOK,SUNTECK,MANALIPETC,COSMOFILMS,JBCHEPHARM,ZEEL
2016-05-19,VAIBHAVGBL,PRAJIND,GODREJCP,SAREGAMA,DIGISPICE,RSWM,MARKSANS,GLAXO,CENTRALBK
2016-05-20,JBCHEPHARM,BAJFINANCE,HAVELLS,VIPIND,EMAMILTD,BGRENERGY,HDFCBANK,ADORWELD,CENTRALBK
2016-05-23,NESCO,IIFL,CHAMBLFERT,GEOJITFSL,PIDILITIND,TATAPOWER,IRB,TATACOFFEE,JINDALSAW
2016-05-24,GLAXO,TCI,NDTV,BAJAJHLDNG,SHANTIGEAR,FDC,SUPRAJIT,LAOPALA,SEAMECLTD
2016-05-25,CRISIL,FIEMIND,PVR,PURVA,BLKASHYAP,COSMOFILMS,LAOPALA,NAUKRI,JKPAPER
2016-05-26,LINDEINDIA,GLAXO,MARKSANS,GESHIP,SUZLON,VOLTAMP,CIPLA,JBCHEPHARM,LAOPALA
2016-05-27,LAOPALA,UCOBANK,NOCIL,COSMOFILMS,NESCO,TITAN,MARKSANS,MANALIPETC,HAVELLS
2016-05-30,BANKINDIA,SCHAEFFLER,FACT,MAHLIFE,DWARKESH,IDFC,VAIBHAVGBL,DAAWAT,MARKSANS
2016-05-31,LAOPALA,POLYPLEX,ORIENTPPR,NRBBEARING,HIMATSEIDE,WIPRO,SUPRAJIT,EDELWEISS,IRB
2016-06-01,SWARAJENG,MANALIPETC,WIPRO,GEPIL,GAEL,ALEMBICLTD,NLCINDIA,IOC,MARKSANS
2016-06-02,KOTAKBANK,ADORWELD,NAUKRI,MRPL,BANCOINDIA,IDFC,BBL,KOLTEPATIL,GSFC
2016-06-03,KOLTEPATIL,USHAMART,GEPIL,GRASIM,INFY,JINDALPOLY,ADORWELD,TATASTLLP,ZENSARTECH
2016-06-06,ATUL,CERA,ANDHRSUGAR,ZEEL,NILKAMAL,SHANTIGEAR,THOMASCOOK,IIFL,COSMOFILMS
2016-06-07,HIL,ELECON,ZFCVINDIA,BLKASHYAP,HONAUT,MANALIPETC,IDFC,TCI,JINDALSAW
2016-06-08,DCBBANK,FDC,UCOBANK,ORIENTPPR,BANCOINDIA,SKFINDIA,BALAMINES,SCHAEFFLER,COSMOFILMS
2016-06-09,ZFCVINDIA,FDC,GHCL,JMCPROJECT,ZENSARTECH,TIMETECHNO,PURVA,NDTV,PTC
2016-06-10,VEDL,THOMASCOOK,JINDALPOLY,CGPOWER,MUKANDLTD,IDFC,KCP,MANALIPETC,GREENPLY
2016-06-13,GUJALKALI,IDFC,COSMOFILMS,GMRINFRA,GODREJCP,LICHSGFIN,FDC,ATUL,HEG
2016-06-14,KCP,HCLTECH,KAJARIACER,FDC,WIPRO,SHILPAMED,OFSS,CUMMINSIND,BPCL
2016-06-15,HGS,PEL,TIDEWATER,JINDALPOLY,VGUARD,HEG,COSMOFILMS,MFSL,GRAPHITE
2016-06-16,CYIENT,RELIANCE,MARKSANS,ELECON,BLUESTARCO,COSMOFILMS,KTKBANK,PURVA,GAIL
2016-06-17,GREAVESCOT,FEDERALBNK,FDC,PETRONET,PEL,RAYMOND,HGS,JPASSOCIAT,HDFCBANK
2016-06-20,MANALIPETC,ASTRAMICRO,EXIDEIND,GIPCL,MUKANDLTD,VAIBHAVGBL,LT,FSL,SWARAJENG
2016-06-21,HTMEDIA,HONAUT,SURYAROSNI,GODREJIND,BRIGADE,FINPIPE,TIDEWATER,STLTECH,CRISIL
2016-06-22,JINDRILL,RAIN,JINDALSTEL,JBCHEPHARM,PIDILITIND,WIPRO,VIPIND,GRAPHITE,BAJFINANCE
2016-06-23,DIVISLAB,FDC,NOCIL,NLCINDIA,KAJARIACER,SCHAEFFLER,MARKSANS,BEML,GMDCLTD
2016-06-24,NIITLTD,NDTV,ASHAPURMIN,BFUTILITIE,BAJFINANCE,INDIACEM,DEN,ASTRAMICRO,BANCOINDIA
2016-06-27,NDTV,JAYAGROGN,INDORAMA,GREENPLY,EVEREADY,GRAPHITE,BRIGADE,VIPIND,EIDPARRY
2016-06-28,KOLTEPATIL,IIFL,NESCO,NCLIND,ZFCVINDIA,JMFINANCIL,PURVA,CGPOWER,KESORAMIND
2016-06-29,GTLINFRA,HINDZINC,JINDALSAW,JAYAGROGN,BGRENERGY,JSWENERGY,UNICHEMLAB,DWARKESH,PETRONET
2016-06-30,JINDALSAW,THOMASCOOK,NLCINDIA,TATASTEEL,HTMEDIA,SWARAJENG,DHANI,GMRINFRA,IOB
2016-07-01,CENTRALBK,BAJAJHIND,COSMOFILMS,ZYDUSLIFE,IDFC,GIPCL,GTLINFRA,EXIDEIND,DHANI
2016-07-04,NBVENTURES,RAIN,NOCIL,ITI,UNICHEMLAB,ZYDUSWELL,FDC,CUB,GREENPLY
2016-07-05,RAYMOND,ZFCVINDIA,FDC,MANGLMCEM,BANKBARODA,HTMEDIA,GEPIL,PURVA,VOLTAMP
2016-07-07,GICHSGFIN,HEG,ANDHRSUGAR,TRIDENT,SUVEN,RAJESHEXPO,NCLIND,JINDALSAW,MARKSANS
2016-07-08,RAJESHEXPO,GLOBUSSPR,IDFC,CENTENKA,FSL,INFY,LAXMIMACH,COSMOFILMS,APTECHT
2016-07-11,TNPL,CHOLAFIN,ASTRAMICRO,JBCHEPHARM,BANCOINDIA,TATAINVEST,COSMOFILMS,FDC,BINDALAGRO
2016-07-12,BINDALAGRO,CESC,VINATIORGA,RAYMOND,AXISBANK,NLCINDIA,HEROMOTOCO,COSMOFILMS,GODREJIND
2016-07-13,LICHSGFIN,WELCORP,ARVIND,KOTAKBANK,HDFCBANK,TITAN,ATFL,BAJFINANCE,CANFINHOME
2016-07-14,DEN,PIDILITIND,GREAVESCOT,JINDALPOLY,ICICIBANK,RSWM,ZYDUSWELL,VINATIORGA,COSMOFILMS
2016-07-15,NIITLTD,FSL,MANALIPETC,LAOPALA,NXTDIGITAL,SCHAEFFLER,BANKBARODA,CRISIL,RPOWER
2016-07-18,IDFC,HCC,ITI,BRIGADE,J&KBANK,ELECTCAST,ANANTRAJ,THOMASCOOK,COSMOFILMS
2016-07-19,DEN,RAYMOND,HEG,NXTDIGITAL,EIDPARRY,RELIANCE,WSTCSTPAPR,COSMOFILMS,TORNTPOWER
2016-07-20,SOUTHBANK,HCLTECH,JKLAKSHMI,RAMCOCEM,HUHTAMAKI,RELIANCE,PURVA,CRISIL,ULTRACEMCO
2016-07-21,MAHSEAMLES,VIPIND,NESCO,GIPCL,SUVEN,COSMOFILMS,FINPIPE,TIDEWATER,SEAMECLTD
2016-07-22,NATIONALUM,APOLLOTYRE,BRITANNIA,GRAPHITE,HINDZINC,BANKBARODA,ENGINERSIN,CARBORUNIV,COSMOFILMS
2016-07-25,RALLIS,JAICORPLTD,TITAN,NFL,RCF,GSPL,IOC,ADSL,SURYAROSNI
2016-07-26,ELECTCAST,CYIENT,FORTIS,SUZLON,GICHSGFIN,NXTDIGITAL,ELECON,TCI,SUVEN
2016-07-27,THERMAX,BANCOINDIA,SCHAEFFLER,OFSS,DEN,COSMOFILMS,IDFC,ISMTLTD,PURVA
2016-07-28,ANANTRAJ,VAIBHAVGBL,GRINDWELL,NUCLEUS,INSECTICID,BANKINDIA,DIVISLAB,CRISIL,GMRINFRA
2016-07-29,JSWSTEEL,GPIL,IDBI,GABRIEL,TCI,APTECHT,BAJAJHIND,MANALIPETC,MAHSEAMLES
2016-08-01,GHCL,TORNTPOWER,ALLCARGO,DAAWAT,NILKAMAL,ORIENTPPR,CESC,PURVA,HIL
2016-08-02,VIMTALABS,KRBL,HAVELLS,EIDPARRY,DIGISPICE,NESCO,COSMOFILMS,HEG,IOC
2016-08-03,VENKEYS,BOMDYEING,INDORAMA,MOTILALOFS,IGL,MARKSANS,MPHASIS,AIAENG,ECLERX
2016-08-04,SARDAEN,GET&D,TATAELXSI,TIDEWATER,IDFC,JKTYRE,ARVIND,MARKSANS,CHENNPETRO
2016-08-05,JKTYRE,INDIACEM,VAIBHAVGBL,GODREJIND,CRISIL,DHANI,IBREALEST,FORTIS,NXTDIGITAL
2016-08-08,BGRENERGY,MARKSANS,COSMOFILMS,GNFC,NILKAMAL,VIPIND,JMCPROJECT,CUB,RALLIS
2016-08-09,RAYMOND,USHAMART,RELIANCE,RPOWER,SHRIRAMCIT,MAHSEAMLES,CRISIL,SCHAEFFLER,COSMOFILMS
2016-08-10,FORTIS,KOLTEPATIL,CERA,NATIONALUM,TIDEWATER,DCMSHRIRAM,HEG,YESBANK,ENGINERSIN
2016-08-11,HEG,MANALIPETC,TIDEWATER,VIPIND,HONAUT,JSL,JMFINANCIL,DIGISPICE,MTNL
2016-08-12,SAREGAMA,SUVEN,PRAJIND,JBCHEPHARM,RPOWER,NXTDIGITAL,CESC,GREENPLY,DAAWAT
2016-08-16,HEG,CHENNPETRO,FINCABLES,BRIGADE,MUKANDLTD,SPIC,INDORAMA,SANGAMIND,BIOCON
2016-08-17,CRISIL,EMAMILTD,HCC,RENUKA,BAJAJHLDNG,KARURVYSYA,NCLIND,NLCINDIA,SCHAEFFLER
2016-08-18,RTNPOWER,IRB,CRISIL,NUCLEUS,NILKAMAL,PFIZER,CENTRALBK,HCC,IDFC
2016-08-19,MANGCHEFER,NBVENTURES,ZENSARTECH,ULTRACEMCO,CANBK,VAKRANGEE,VINATIORGA,DAAWAT,GEPIL
2016-08-22,DEN,NXTDIGITAL,WIPRO,AARTIDRUGS,JINDRILL,NETWORK18,ADANIPOWER,TCI,INDHOTEL
2016-08-23,IDFC,JINDALPOLY,KTKBANK,TATAINVEST,FSL,DEN,SELMC,SCHAEFFLER,MARKSANS
2016-08-24,ZFCVINDIA,MFSL,ZENSARTECH,ASTRAL,CANFINHOME,DAAWAT,DEN,BRIGADE,BAJAJ-AUTO
2016-08-25,SHILPAMED,GNFC,ASTRAMICRO,KOLTEPATIL,CESC,ENIL,ANDHRSUGAR,CENTRALBK,CIPLA
2016-08-26,KTKBANK,TATAINVEST,JAYAGROGN,IOB,GMDCLTD,VINATIORGA,PURVA,SCHAEFFLER,CESC
2016-08-29,NBVENTURES,JMFINANCIL,EMAMILTD,FSL,GIPCL,KPRMILL,RAYMOND,SKFINDIA,VINATIORGA
2016-08-30,FORTIS,MANALIPETC,TRIDENT,HEROMOTOCO,GRAPHITE,GREENPLY,VINATIORGA,VEDL,JINDALSAW
2016-08-31,TIMETECHNO,SUNDRMFAST,HTMEDIA,NOCIL,CONCOR,ZENSARTECH,LAXMIMACH,GNFC,VENKEYS
2016-09-01,IDFC,VIPIND,M&MFIN,FSL,STLTECH,NXTDIGITAL,ZFCVINDIA,ZENSARTECH,GMDCLTD
2016-09-02,KABRAEXTRU,COSMOFILMS,DWARKESH,MANALIPETC,ELGIEQUIP,SASKEN,PFIZER,NLCINDIA,CHENNPETRO
2016-09-06,PRSMJOHNSN,BAJAJHIND,HBLPOWER,GPIL,GILLETTE,RELIGARE,ULTRACEMCO,NBVENTURES,TATAMETALI
2016-09-07,DIVISLAB,TATACOMM,NILKAMAL,VIMTALABS,TORNTPHARM,ZENSARTECH,TRIVENI,ZEEL,SCHAEFFLER
2016-09-08,NDTV,ALEMBICLTD,BAJAJHIND,NAVINFLUOR,IRB,BOMDYEING,CYIENT,APTECHT,SCHAEFFLER
2016-09-09,PIDILITIND,SIEMENS,GRINDWELL,GIPCL,WIPRO,FSL,HDFCBANK,VEDL,IRB
2016-09-12,GODREJCP,NFL,VEDL,DHANI,MTNL,UNICHEMLAB,CRISIL,ONGC,CYIENT
2016-09-14,DCBBANK,SUPRAJIT,JINDALPOLY,PFIZER,NCLIND,IDFC,FDC,GRAPHITE,NILKAMAL
2016-09-15,OIL,TIDEWATER,JUBLPHARMA,ZENSARTECH,KPRMILL,ELECON,MRPL,IIFL,NAVNETEDUL
2016-09-16,NESCO,NMDC,NAVNETEDUL,ZENSARTECH,HTMEDIA,GTLINFRA,VEDL,KOLTEPATIL,LAOPALA
2016-09-19,LAXMIMACH,SHILPAMED,BAJFINANCE,SEPC,BIRLACORPN,VOLTAMP,GTLINFRA,ZENSARTECH,ENIL
2016-09-20,IIFL,FORTIS,DEEPAKFERT,SASKEN,NCLIND,NESCO,ZFCVINDIA,RALLIS,EMAMILTD
2016-09-21,SCHAEFFLER,VSTIND,SUNFLAG,TIMKEN,BANKINDIA,TCI,HCC,WELSPUNIND,GICHSGFIN
2016-09-22,HUHTAMAKI,MASTEK,BALRAMCHIN,KIRIINDUS,JBCHEPHARM,KABRAEXTRU,MIRZAINT,DRREDDY,MOTHERSUMI
2016-09-23,CIPLA,FDC,BINDALAGRO,YESBANK,CENTRALBK,PURVA,JKTYRE,DIGISPICE,ZENSARTECH
2016-09-26,INDIANB,GICHSGFIN,RADICO,PIDILITIND,INDORAMA,TIDEWATER,HEG,HCC,ZENSARTECH
2016-09-27,SCHAEFFLER,TATAINVEST,FINPIPE,JMFINANCIL,PURVA,GREENPLY,CENTRALBK,ZENSARTECH,NLCINDIA
2016-09-28,RALLIS,GILLETTE,CRISIL,NMDC,SHRIRAMCIT,CESC,BPCL,NOCIL,SCHAEFFLER
2016-09-29,JINDALPOLY,JMFINANCIL,INDIACEM,GTLINFRA,BIOCON,SANGHVIMOV,HSCL,CENTRALBK,RENUKA
2016-09-30,MARKSANS,ADSL,ZEEL,JSWHL,ASHAPURMIN,MAHSEAMLES,JINDALPOLY,GTLINFRA,JKLAKSHMI
2016-10-03,CERA,SUNTV,SPIC,SCHAEFFLER,DEN,CHENNPETRO,MHRIL,ITI,IDFC
2016-10-04,RPOWER,FSL,RELIANCE,EMAMILTD,IGL,SCHAEFFLER,KAMDHENU,TITAN,JCHAC
2016-10-05,ADORWELD,SOUTHBANK,NBVENTURES,NATIONALUM,MUKANDLTD,JAYNECOIND,ENGINERSIN,ZENSARTECH,GREENPLY
2016-10-06,ADORWELD,ISMTLTD,NAUKRI,VIMTALABS,ANDHRSUGAR,SOBHA,FSL,TATAELXSI,GUJALKALI
2016-10-07,GUJALKALI,KEC,TATAINVEST,KOLTEPATIL,BAJAJ-AUTO,JYOTHYLAB,NATIONALUM,BALRAMCHIN,RELIGARE
2016-10-10,JCHAC,ANANTRAJ,VAKRANGEE,PURVA,NMDC,ZENSARTECH,SCHAEFFLER,HCLTECH,NESCO
2016-10-13,GRASIM,NIITLTD,BGRENERGY,GMRINFRA,NCLIND,GODREJIND,ACC,GMDCLTD,YESBANK
2016-10-14,JKPAPER,TIDEWATER,JINDALPOLY,UFLEX,KAJARIACER,JUBLPHARMA,TATAINVEST,TCI,YESBANK
2016-10-17,JCHAC,IBREALEST,ECLERX,FDC,ASHAPURMIN,TRIDENT,CENTURYPLY,GAEL,POONAWALLA
2016-10-18,DHANI,CLNINDIA,TATAELXSI,TATAINVEST,DIGISPICE,GRINDWELL,DEN,BPCL,MARKSANS
2016-10-19,JYOTHYLAB,UPL,SHILPAMED,VEDL,NCLIND,ZENSARTECH,UCOBANK,NESCO,WELSPUNIND
2016-10-20,ECLERX,WELCORP,NESCO,MAHABANK,ANDHRSUGAR,GILLETTE,APTECHT,WOCKPHARMA,EMAMILTD
2016-10-21,SUNDRMFAST,ZEEL,ULTRACEMCO,ARSHIYA,STLTECH,PHOENIXLTD,CRISIL,GREENPLY,HSCL
2016-10-24,CLNINDIA,GHCL,HCC,ARSHIYA,IFBAGRO,PFIZER,SOTL,ANDHRSUGAR,GLOBUSSPR
2016-10-25,GRANULES,FSL,VINATIORGA,TIDEWATER,INSECTICID,SOTL,KRBL,THOMASCOOK,BPCL
2016-10-26,SOTL,IOC,SCHAEFFLER,DHANI,RAYMOND,IDFC,SUPRAJIT,THOMASCOOK,GAIL
2016-10-27,TATAPOWER,HEROMOTOCO,ECLERX,VGUARD,HTMEDIA,THOMASCOOK,KTKBANK,ZEEL,RAYMOND
2016-10-28,RAYMOND,SKFINDIA,DHANI,ECLERX,THERMAX,CRISIL,NCLIND,FIEMIND,BERGEPAINT
2016-11-01,WELCORP,SOUTHBANK,JUBLPHARMA,GANESHHOUC,TNPL,GMDCLTD,KTKBANK,SPARC,PHOENIXLTD
2016-11-02,JKTYRE,JAYAGROGN,BAJFINANCE,MANALIPETC,CESC,DAAWAT,SCHAEFFLER,GUJALKALI,CRISIL
2016-11-03,JUBLPHARMA,TATAINVEST,WIPRO,NDTV,PFIZER,JPPOWER,GIPCL,SCHAEFFLER,COSMOFILMS
2016-11-04,FORTIS,ENGINERSIN,AUROPHARMA,JUBLPHARMA,PRAJIND,IOC,COSMOFILMS,CRISIL,AKZOINDIA
2016-11-07,IOB,TATAINVEST,BANKINDIA,JUBLPHARMA,GPIL,KPRMILL,SHANTIGEAR,HCC,INGERRAND
2016-11-08,KPRMILL,UNICHEMLAB,NAVNETEDUL,HCC,JUBLPHARMA,COSMOFILMS,UNIONBANK,ALOKINDS,TATAMOTORS
2016-11-09,SHRIRAMCIT,SANGAMIND,BINDALAGRO,MARKSANS,UPL,JKCEMENT,INDORAMA,BALMLAWRIE,KAJARIACER
2016-11-10,RSWM,RADICO,GILLETTE,TANLA,ECLERX,COSMOFILMS,BOMDYEING,ORIENTPPR,GMRINFRA
2016-11-11,CHAMBLFERT,COSMOFILMS,TATAPOWER,JSWSTEEL,IOC,BALKRISIND,HIMATSEIDE,HTMEDIA,SUNDARMFIN
2016-11-15,JAICORPLTD,TCI,KPRMILL,VENKEYS,SOTL,JYOTHYLAB,BLKASHYAP,ZENSARTECH,APTECHT
2016-11-16,YESBANK,J&KBANK,FDC,SHILPAMED,SHRIRAMCIT,IGL,IOB,PHOENIXLTD,HSCL
2016-11-17,GILLETTE,ZENSARTECH,HCC,TATACHEM,TRENT,SHANTIGEAR,MANALIPETC,VEDL,YESBANK
2016-11-18,GODREJCP,BLKASHYAP,SUVEN,AMRUTANJAN,RADICO,COSMOFILMS,ZENSARTECH,ANDHRSUGAR,PFOCUS
2016-11-21,DREDGECORP,SUNDRMFAST,TORNTPOWER,NETWORK18,KESORAMIND,JINDALPOLY,LICHSGFIN,ZENSARTECH,GAEL
2016-11-22,TORNTPOWER,GPIL,KTKBANK,BHARATFORG,HTMEDIA,NAHARSPING,HDFCBANK,COSMOFILMS,CRISIL
2016-11-23,GESHIP,ADORWELD,BGRENERGY,ITI,VIPIND,ZENSARTECH,BANKINDIA,CESC,SOUTHBANK
2016-11-24,DAAWAT,CONCOR,J&KBANK,SEPC,PFIZER,TORNTPOWER,ITI,INDORAMA,HSCL
2016-11-25,THOMASCOOK,SOTL,HTMEDIA,VGUARD,JAICORPLTD,FDC,WIPRO,COSMOFILMS,SUZLON
2016-11-28,ICRA,TORNTPOWER,KOLTEPATIL,IOC,TATACONSUM,JINDRILL,JUBLPHARMA,GLOBUSSPR,PFIZER
2016-11-29,CYIENT,NATIONALUM,BRIGADE,SCHAEFFLER,GSFC,COSMOFILMS,SHANTIGEAR,HUHTAMAKI,VGUARD
2016-11-30,JAYNECOIND,ZEEMEDIA,GSPL,ZENSARTECH,DIGISPICE,SUPRAJIT,CRISIL,FEDERALBNK,UNICHEMLAB
2016-12-01,JINDALSAW,CHENNPETRO,LINDEINDIA,GODREJCP,KEI,VIPIND,JBCHEPHARM,CLNINDIA,ANDHRSUGAR
2016-12-02,FDC,JBCHEPHARM,GREENPLY,HTMEDIA,ANDHRSUGAR,SHILPAMED,COSMOFILMS,SPIC,GODREJIND
2016-12-05,JKTYRE,TIMETECHNO,JKLAKSHMI,TATASTLLP,INFY,GMRINFRA,SCHAEFFLER,ZEEL,ZENSARTECH
2016-12-06,AMBUJACEM,JMFINANCIL,ZENSARTECH,TATAMOTORS,PEL,FDC,TNPL,NOCIL,HINDUNILVR
2016-12-07,IOB,SUNTV,BGRENERGY,ADANIPOWER,JINDALPOLY,ZENSARTECH,PFIZER,BOMDYEING,GLOBUSSPR
2016-12-08,NATIONALUM,KABRAEXTRU,CUMMINSIND,RAJESHEXPO,NHPC,ECLERX,MARKSANS,IDFC,ZENSARTECH
2016-12-09,JMFINANCIL,KPRMILL,GREENPLY,ZENSARTECH,SHRIRAMCIT,SCHAEFFLER,ECLERX,HCC,BAJAJHIND
2016-12-12,CGPOWER,SEAMECLTD,RENUKA,SCHAEFFLER,M&M,VGUARD,ZFCVINDIA,EIDPARRY,OIL
2016-12-13,TITAN,SHILPAMED,UNICHEMLAB,GTLINFRA,COSMOFILMS,VIPIND,SUNFLAG,INDORAMA,CENTENKA
2016-12-14,DCMSHRIRAM,KABRAEXTRU,MARKSANS,ASHAPURMIN,INFY,KAMDHENU,BGRENERGY,IDFC,ZENSARTECH
2016-12-15,MFSL,CHENNPETRO,VEDL,BHARTIARTL,KPRMILL,GTLINFRA,NILKAMAL,MARUTI,EMAMILTD
2016-12-16,JINDALSTEL,NATIONALUM,FEDERALBNK,IBREALEST,PHOENIXLTD,JAICORPLTD,ZEEL,VINATIORGA,ZENSARTECH
2016-12-19,ELGIEQUIP,63MOONS,PHOENIXLTD,ELECON,DIGISPICE,PTC,THERMAX,CYIENT,ZENSARTECH
2016-12-20,KARURVYSYA,DEN,ZEEL,THOMASCOOK,IRB,MFSL,IOC,BANKINDIA,KAMDHENU
2016-12-21,IRB,GTLINFRA,SIEMENS,RELIANCE,ITI,ZEEL,LAXMIMACH,PFIZER,JKPAPER
2016-12-22,VIPIND,COSMOFILMS,GILLETTE,SEPC,BOMDYEING,CENTRALBK,ELECTCAST,JAGRAN,ZFCVINDIA
2016-12-23,SRTRANSFIN,TCI,DCMSHRIRAM,COSMOFILMS,INDIACEM,NILKAMAL,MRPL,SUPRAJIT,JINDALPOLY
2016-12-26,LAXMIMACH,SOUTHBANK,ZEEL,GSPL,ZENSARTECH,DEN,SHILPAMED,CANFINHOME,LICHSGFIN
2016-12-27,OIL,FDC,BAJAJHIND,NOCIL,HUHTAMAKI,ASHOKLEY,ZEEL,JMFINANCIL,SHILPAMED
2016-12-28,ECLERX,SURYAROSNI,SASKEN,ADORWELD,FORTIS,ALEMBICLTD,NESCO,MAHSEAMLES,EMAMILTD
2016-12-29,RELIANCE,WIPRO,JKPAPER,SUPRAJIT,IRB,ZENSARTECH,KEC,BALRAMCHIN,TATAINVEST
2016-12-30,YESBANK,ZENSARTECH,TIDEWATER,GODREJIND,PHOENIXLTD,LAXMIMACH,CENTRALBK,EMAMILTD,VINATIORGA
